date,title
2024-04-11,3 Best Mega-Cap Stocks for Dividend Investors
2024-04-11,IPhone 16 Is Likely To Be Available In New Colors With Extra-Long Battery Life
2024-04-11,"1 AI Software Stock With 27% Upside Potential, According to Analysts"
2024-04-11,Apple Doubles India IPhone Production To $14 Bln
2024-04-11,iShares S&P 500 Growth ETF Experiences Big Inflow
2024-04-10,"Apple Stock Has 33% Upside, According to 1 Wall Street Analyst"
2024-04-10,Have Solar Energy Stocks Finally Hit Rock Bottom?
2024-04-11,3 Best Mega-Cap Stocks for Dividend Investors
2024-04-11,IPhone 16 Is Likely To Be Available In New Colors With Extra-Long Battery Life
2024-04-11,"1 AI Software Stock With 27% Upside Potential, According to Analysts"
2024-04-11,Apple Doubles India IPhone Production To $14 Bln
2024-04-11,iShares S&P 500 Growth ETF Experiences Big Inflow
2024-04-10,"Apple Stock Has 33% Upside, According to 1 Wall Street Analyst"
2024-04-10,Have Solar Energy Stocks Finally Hit Rock Bottom?
2024-04-10,AAPL Factor-Based Stock Analysis - Warren Buffett
2024-04-10,"NVIDIA Tops, Tesla Flops Among Magnificent 7 in Q1: Here's Why"
2024-04-10,"Down 12% This Year, Is Apple Stock a No-Brainer Buy?"
2024-04-10,A Once-in-a-Generation Investment Opportunity: 1 Artificial Intelligence (AI) Stock to Buy Now and Hold Forever This April
2024-04-10,Is Goldman Sachs ActiveBeta World Low Vol Plus Equity ETF (GLOV) a Strong ETF Right Now?
2024-04-10,Is It Too Late to Buy Apple Stock?
2024-04-10,"Meet the Only ""Magnificent Seven"" Stock Billionaire Investors Are Absolutely Piling Into"
2024-04-10,"Should You Buy This Under-the-Radar Warren Buffett Stock With $1,000 Right Now?"
2024-04-10,"Competition for A.I.? CPI, Delta Q1 Ahead of Wednesday's Open"
2024-04-10,"Apple Stock Has 47% Upside, According to 1 Wall Street Analyst"
2024-04-10,"After Hours Most Active for Apr 9, 2024 :  JD, F, LU, BAC, IQ, AAPL, LYFT, QQQ, TSLA, CNQ, GLW, VNO"
2024-04-10,Experts Warn About Apple's Fragile Privacy Settings
2024-04-10,"Why Is Apple Stock Going Down, and Should You Buy the Dip?"
2024-04-10,Is Alphabet Stock Going to $185? 1 Wall Street Analyst Thinks So
2024-04-10,AAPL Quantitative Stock Analysis - Warren Buffett
2024-04-10,Is Visa Stock a Buy?
2024-04-10,3 Stocks That Can Help You Get Richer in 2024
2024-04-10,"Down Over 10% This Year, Is It Time to Buy Apple Stock?"
2024-04-10,Should You Buy the Dip in Apple Stock?
2024-04-10,The Bull Run In Nvidia Stock Has Only Just Begun. Here’s Why.
2024-04-10,"1 Unstoppable Growth Stock to Buy With $1,000 Right Now"
2024-04-10,The Most Costly Investing Lesson I Ever Learned Also Became the Most Valuable
2024-04-09,"Meet the Cheapest ""Magnificent Seven"" Stock According to These Key Financial Metrics"
2024-04-09,Apple (AAPL) Suffers a Larger Drop Than the General Market: Key Insights
2024-04-09,Apple To Allow Retro Game Emulators On App Store
2024-04-09,"If You Can Only Buy One Magnificent 7 Stock in April, It Better Be One of These 3 Names"
2024-04-09,Apple Strikes Deal With Shutterstock For AI Image Training
2024-04-09,Could Apple Help You Retire a Millionaire?
2024-04-09,3 Biggest Value Investing Mistakes
2024-04-09,Alphabet (GOOGL) Boosts Google Wallet App With New Feature
2024-04-09,These ETFs Are Homes to an Array of Famed Stocks
2024-04-09,Should You Buy Apple Stock Instead of Microsoft Stock?
2024-04-09,Is iShares Core S&P U.S. Growth ETF (IUSG) a Strong ETF Right Now?
2024-04-09,2 Artificial Intelligence (AI) Stocks You Can Buy and Hold for the Next Decade
2024-04-09,Almost Half of Warren Buffett's $369 Billion Portfolio Is Invested in Only 1 Stock
2024-04-08,Nvidia Stock Is Like Cisco Stock Before the Dot-Com Crash? There Are Big Holes in This Theory
2024-04-08,Guru Fundamental Report for AAPL - Warren Buffett
2024-04-08,1 Top Buffett Stock to Buy and Hold for the Long Haul
2024-04-08,"Forget Nvidia: Here Are 3 ""Magnificent Seven"" Stocks Wall Street Thinks Will Soar More"
2024-04-07,The Apple Antitrust Fallout: 3 Stocks Poised to Capitalize on the Chaos
2024-04-07,Apple Winds Down Spending in 1 Key Area Where Meta Has Been Surprisingly Transparent
2024-04-07,"Berkshire Hathaway Stock: Buy, Sell, or Hold?"
2024-04-06,Building Wealth Early: 3 Stocks Every Young Investor Should Own
2024-04-06,The 3 Best Warren Buffett Stocks to Buy in April 2024
2024-04-06,"Notable Friday Option Activity: AAPL, FDX, AVY"
2024-04-06,Nike Stock 2025 Forecast: Is NKE a Good Long-Term Buy?
2024-04-06,1 Wall Street Analyst Thinks This Magnificent Seven Stock Is Going to $220. Is It a buy Around $169?
2024-04-06,Warren Buffett Detailed Fundamental Analysis - AAPL
2024-04-06,3 Strong Buy AR Stocks to Add to Your Q2 Must-Watch List
